date,home_team,away_team,team,scorer,minute,own_goal,penalty
02-07-1916,Chile,Uruguay,Uruguay,Jose Piendibene,44.0,False,False
02-07-1916,Chile,Uruguay,Uruguay,Isabelino Gradin,55.0,False,False
02-07-1916,Chile,Uruguay,Uruguay,Isabelino Gradin,70.0,False,False
02-07-1916,Chile,Uruguay,Uruguay,Jose Piendibene,75.0,False,False
06-07-1916,Argentina,Chile,Argentina,Alberto Ohaco,2.0,False,False
06-07-1916,Argentina,Chile,Chile,Telesforo Baez,44.0,False,False
06-07-1916,Argentina,Chile,Argentina,Juan Domingo Brown,60.0,False,True
06-07-1916,Argentina,Chile,Argentina,Juan Domingo Brown,62.0,False,True
06-07-1916,Argentina,Chile,Argentina,Alberto Marcovecchio,67.0,False,False
06-07-1916,Argentina,Chile,Argentina,Alberto Ohaco,75.0,False,False
06-07-1916,Argentina,Chile,Argentina,Alberto Marcovecchio,81.0,False,False
08-07-1916,Brazil,Chile,Brazil,Demostenes Correia de Syllos,29.0,False,False
08-07-1916,Brazil,Chile,Chile,Hernando Salazar,85.0,False,False
10-07-1916,Argentina,Brazil,Argentina,Jose Durand Laguna,10.0,False,False
10-07-1916,Argentina,Brazil,Brazil,Manoel Alencar Monte,23.0,False,False
12-07-1916,Brazil,Uruguay,Brazil,Arthur Friedenreich,8.0,False,False
12-07-1916,Brazil,Uruguay,Uruguay,Isabelino Gradin,58.0,False,False
12-07-1916,Brazil,Uruguay,Uruguay,Jose Tognola,77.0,False,False
30-09-1917,Uruguay,Chile,Uruguay,Carlos Scarone,20.0,False,False
30-09-1917,Uruguay,Chile,Uruguay,Angel Romano,44.0,False,False
30-09-1917,Uruguay,Chile,Uruguay,Carlos Scarone,62.0,False,True
30-09-1917,Uruguay,Chile,Uruguay,Angel Romano,75.0,False,False
03-10-1917,Argentina,Brazil,Brazil,Neco,8.0,False,False
03-10-1917,Argentina,Brazil,Argentina,Pedro Calomino,15.0,False,False
03-10-1917,Argentina,Brazil,Brazil,Silvio Lagreca,39.0,False,True
03-10-1917,Argentina,Brazil,Argentina,Alberto Ohaco,56.0,False,True
03-10-1917,Argentina,Brazil,Argentina,Alberto Ohaco,58.0,False,True
03-10-1917,Argentina,Brazil,Argentina,Antonio Blanco,80.0,False,False
06-10-1917,Argentina,Chile,Argentina,Luis Garcia,76.0,True,False
07-10-1917,Uruguay,Brazil,Uruguay,Hector Scarone,8.0,False,False
07-10-1917,Uruguay,Brazil,Uruguay,Angel Romano,17.0,False,False
07-10-1917,Uruguay,Brazil,Uruguay,Angel Romano,77.0,False,False
07-10-1917,Uruguay,Brazil,Uruguay,Carlos Scarone,86.0,False,False
12-10-1917,Brazil,Chile,Brazil,Caetano Izzo,21.0,False,False
12-10-1917,Brazil,Chile,Brazil,Neco,23.0,False,False
12-10-1917,Brazil,Chile,Brazil,Haroldo Domingues,26.0,False,False
12-10-1917,Brazil,Chile,Brazil,Amilcar Barbuy,41.0,False,False
12-10-1917,Brazil,Chile,Brazil,Haroldo Domingues,59.0,False,False
14-10-1917,Uruguay,Argentina,Uruguay,Hector Scarone,62.0,False,False
11-05-1919,Brazil,Chile,Brazil,Arthur Friedenreich,19.0,False,False
11-05-1919,Brazil,Chile,Brazil,Neco,21.0,False,False
11-05-1919,Brazil,Chile,Brazil,Arthur Friedenreich,38.0,False,False
11-05-1919,Brazil,Chile,Brazil,Arthur Friedenreich,76.0,False,False
11-05-1919,Brazil,Chile,Brazil,Haroldo Domingues,79.0,False,False
11-05-1919,Brazil,Chile,Brazil,Neco,83.0,False,False
13-05-1919,Argentina,Uruguay,Uruguay,Carlos Scarone,19.0,False,False
13-05-1919,Argentina,Uruguay,Uruguay,Hector Scarone,23.0,False,False
13-05-1919,Argentina,Uruguay,Argentina,Carlos Izaguirre,34.0,False,False
13-05-1919,Argentina,Uruguay,Argentina,Manuel Varela,79.0,True,False
13-05-1919,Argentina,Uruguay,Uruguay,Isabelino Gradin,85.0,False,False
17-05-1919,Chile,Uruguay,Uruguay,Carlos Scarone,31.0,False,False
17-05-1919,Chile,Uruguay,Uruguay,Jose Perez,43.0,False,False
18-05-1919,Brazil,Argentina,Brazil,Heitor,22.0,False,False
18-05-1919,Brazil,Argentina,Brazil,Amilcar Barbuy,57.0,False,False
18-05-1919,Brazil,Argentina,Argentina,Carlos Izaguirre,65.0,False,False
18-05-1919,Brazil,Argentina,Brazil,Adolpho Millon Junior,77.0,False,False
22-05-1919,Argentina,Chile,Argentina,Edwin Clarcke,10.0,False,False
22-05-1919,Argentina,Chile,Argentina,Carlos Izaguirre,13.0,False,False
22-05-1919,Argentina,Chile,Argentina,Edwin Clarcke,23.0,False,False
22-05-1919,Argentina,Chile,Chile,Alfredo France,33.0,False,False
22-05-1919,Argentina,Chile,Argentina,Edwin Clarcke,62.0,False,False
26-05-1919,Brazil,Uruguay,Uruguay,Isabelino Gradin,13.0,False,False
26-05-1919,Brazil,Uruguay,Uruguay,Carlos Scarone,17.0,False,False
26-05-1919,Brazil,Uruguay,Brazil,Neco,29.0,False,False
26-05-1919,Brazil,Uruguay,Brazil,Neco,63.0,False,False
29-05-1919,Brazil,Uruguay,Brazil,Arthur Friedenreich,122.0,False,False
11-09-1920,Chile,Brazil,Brazil,Ismael Alvariza,53.0,False,False
12-09-1920,Uruguay,Argentina,Uruguay,Jose Piendibene,10.0,False,False
12-09-1920,Uruguay,Argentina,Argentina,Raul Echeverria,75.0,False,False
18-09-1920,Brazil,Uruguay,Uruguay,Angel Romano,23.0,False,False
18-09-1920,Brazil,Uruguay,Uruguay,Antonio Urdinaran,26.0,False,True
18-09-1920,Brazil,Uruguay,Uruguay,Jose Perez,29.0,False,False
18-09-1920,Brazil,Uruguay,Uruguay,Antonio Campolo,48.0,False,False
18-09-1920,Brazil,Uruguay,Uruguay,Angel Romano,60.0,False,False
18-09-1920,Brazil,Uruguay,Uruguay,Jose Perez,65.0,False,False
20-09-1920,Chile,Argentina,Argentina,Miguel Dellavalle,13.0,False,False
20-09-1920,Chile,Argentina,Chile,Hernando Bolados,30.0,False,False
25-09-1920,Argentina,Brazil,Argentina,Raul Echeverria,40.0,False,False
25-09-1920,Argentina,Brazil,Argentina,Julio Libonatti,73.0,False,False
03-10-1920,Chile,Uruguay,Uruguay,Angel Romano,37.0,False,False
03-10-1920,Chile,Uruguay,Chile,Aurelio Dominguez,60.0,False,False
03-10-1920,Chile,Uruguay,Uruguay,Jose Perez,65.0,False,False
02-10-1921,Argentina,Brazil,Argentina,Julio Libonatti,27.0,False,False
09-10-1921,Paraguay,Uruguay,Paraguay,Gerardo Rivas,9.0,False,False
09-10-1921,Paraguay,Uruguay,Paraguay,Ildefonso Lopez,66.0,False,False
09-10-1921,Paraguay,Uruguay,Uruguay,Jose Piendibene,83.0,False,False
12-10-1921,Brazil,Paraguay,Brazil,Ernesto Duarte Machado da Silva,21.0,False,False
12-10-1921,Brazil,Paraguay,Brazil,Ernesto Duarte Machado da Silva,44.0,False,False
12-10-1921,Brazil,Paraguay,Brazil,Anibal Medicis Candiota,46.0,False,False
16-10-1921,Argentina,Paraguay,Argentina,Julio Libonatti,1.0,False,False
16-10-1921,Argentina,Paraguay,Argentina,Blas Saruppo,71.0,False,False
16-10-1921,Argentina,Paraguay,Argentina,Raul Echeverria,76.0,False,False
23-10-1921,Brazil,Uruguay,Uruguay,Angel Romano,1.0,False,False
23-10-1921,Brazil,Uruguay,Uruguay,Angel Romano,8.0,False,False
23-10-1921,Brazil,Uruguay,Brazil,Jose Carlos Guimaraes,53.0,False,False
30-10-1921,Argentina,Uruguay,Argentina,Julio Libonatti,57.0,False,False
17-09-1922,Brazil,Chile,Brazil,Altino Marcondes,9.0,False,False
17-09-1922,Brazil,Chile,Chile,Manuel Bravo Paredes,41.0,False,False
23-09-1922,Chile,Uruguay,Uruguay,Juan Carlos Heguy,10.0,False,False
23-09-1922,Chile,Uruguay,Uruguay,Antonio Urdinaran,19.0,False,True
24-09-1922,Brazil,Paraguay,Brazil,Amilcar Barbuy,14.0,False,False
24-09-1922,Brazil,Paraguay,Paraguay,Gerardo Rivas,71.0,False,False
28-09-1922,Argentina,Chile,Argentina,Angel Chiessa,10.0,False,False
28-09-1922,Argentina,Chile,Argentina,Julio Francia,36.0,False,False
28-09-1922,Argentina,Chile,Argentina,Julio Francia,41.0,False,False
28-09-1922,Argentina,Chile,Argentina,Jose Gaslini,75.0,False,False
05-10-1922,Chile,Paraguay,Paraguay,Julio Ramirez,5.0,False,False
05-10-1922,Chile,Paraguay,Paraguay,Ildefonso Lopez,78.0,False,False
05-10-1922,Chile,Paraguay,Paraguay,Luis Fretes,86.0,False,False
08-10-1922,Argentina,Uruguay,Uruguay,Felipe Buffoni,43.0,False,False
12-10-1922,Paraguay,Uruguay,Paraguay,Carlos Elizeche,7.0,False,False
15-10-1922,Brazil,Argentina,Brazil,Neco,42.0,False,False
15-10-1922,Brazil,Argentina,Brazil,Amilcar Barbuy,86.0,False,True
18-10-1922,Argentina,Paraguay,Argentina,Julio Francia,63.0,False,False
18-10-1922,Argentina,Paraguay,Argentina,Julio Francia,79.0,False,True
06-11-1922,Brazil,Paraguay,Brazil,Neco,11.0,False,False
06-11-1922,Brazil,Paraguay,Brazil,Xavier Camargo,48.0,False,False
06-11-1922,Brazil,Paraguay,Brazil,Xavier Camargo,89.0,False,False
29-10-1923,Argentina,Paraguay,Paraguay,Gerardo Rivas,10.0,False,False
29-10-1923,Argentina,Paraguay,Argentina,Blas Saruppo,18.0,False,False
29-10-1923,Argentina,Paraguay,Paraguay,Agustin Zelada,49.0,False,False
29-10-1923,Argentina,Paraguay,Argentina,Vicente Aguirre,58.0,False,False
29-10-1923,Argentina,Paraguay,Paraguay,Luis Fretes,65.0,False,False
29-10-1923,Argentina,Paraguay,Argentina,Vicente Aguirre,77.0,False,False
29-10-1923,Argentina,Paraguay,Argentina,Vicente Aguirre,86.0,False,False
04-11-1923,Uruguay,Paraguay,Uruguay,Hector Scarone,11.0,False,False
04-11-1923,Uruguay,Paraguay,Uruguay,Pedro Petrone,87.0,False,False
11-11-1923,Brazil,Paraguay,Paraguay,Ildefonso Lopez,56.0,False,False
18-11-1923,Argentina,Brazil,Argentina,Cesareo Onzari,11.0,False,False
18-11-1923,Argentina,Brazil,Brazil,Nilo Braga,15.0,False,False
18-11-1923,Argentina,Brazil,Argentina,Blas Saruppo,76.0,False,False
25-11-1923,Uruguay,Brazil,Uruguay,Pedro Petrone,56.0,False,False
25-11-1923,Uruguay,Brazil,Brazil,Nilo Braga,59.0,False,False
25-11-1923,Uruguay,Brazil,Uruguay,Jose Cea,75.0,False,False
02-12-1923,Uruguay,Argentina,Uruguay,Pedro Petrone,28.0,False,False
02-12-1923,Uruguay,Argentina,Uruguay,Pascual Somma,88.0,False,False
25-05-1924,Czechoslovakia,Turkey,Czechoslovakia,Rudolf Sloup,21.0,False,False
25-05-1924,Czechoslovakia,Turkey,Czechoslovakia,Josef Sedlacek,28.0,False,False
25-05-1924,Czechoslovakia,Turkey,Czechoslovakia,Josef Sedlacek,37.0,False,False
25-05-1924,Czechoslovakia,Turkey,Turkey,Bekir Refet,63.0,False,False
25-05-1924,Czechoslovakia,Turkey,Czechoslovakia,Jan Novak,64.0,False,False
25-05-1924,Czechoslovakia,Turkey,Czechoslovakia,Josef Capek,74.0,False,False
25-05-1924,Czechoslovakia,Turkey,Turkey,Bekir Refet,82.0,False,False
25-05-1924,Italy,Spain,Italy,Pedro Vallana,84.0,True,False
25-05-1924,Switzerland,Lithuania,Switzerland,Paul Sturzenegger,2.0,False,False
25-05-1924,Switzerland,Lithuania,Switzerland,Walter Dietrich,14.0,False,False
25-05-1924,Switzerland,Lithuania,Switzerland,Max Abegglen,41.0,False,False
25-05-1924,Switzerland,Lithuania,Switzerland,Paul Sturzenegger,43.0,False,False
25-05-1924,Switzerland,Lithuania,Switzerland,Max Abegglen,50.0,False,False
25-05-1924,Switzerland,Lithuania,Switzerland,Max Abegglen,58.0,False,False
25-05-1924,Switzerland,Lithuania,Switzerland,Rudolf Ramseyer,63.0,False,True
25-05-1924,Switzerland,Lithuania,Switzerland,Paul Sturzenegger,68.0,False,False
25-05-1924,Switzerland,Lithuania,Switzerland,Paul Sturzenegger,85.0,False,False
25-05-1924,United States,Estonia,United States,Andy Straden,15.0,False,True
26-05-1924,Hungary,Poland,Hungary,Jozsef Eisenhoffer,14.0,False,False
26-05-1924,Hungary,Poland,Hungary,Ferenc Hirzer,51.0,False,False
26-05-1924,Hungary,Poland,Hungary,Ferenc Hirzer,58.0,False,False
26-05-1924,Hungary,Poland,Hungary,Zoltan Opata,70.0,False,False
26-05-1924,Hungary,Poland,Hungary,Zoltan Opata,87.0,False,False
26-05-1924,Uruguay,Yugoslavia,Uruguay,Jose Vidal,20.0,False,False
26-05-1924,Uruguay,Yugoslavia,Uruguay,Hector Scarone,23.0,False,False
26-05-1924,Uruguay,Yugoslavia,Uruguay,Pedro Petrone,35.0,False,False
26-05-1924,Uruguay,Yugoslavia,Uruguay,Pedro Cea,50.0,False,False
26-05-1924,Uruguay,Yugoslavia,Uruguay,Angel Romano,58.0,False,False
26-05-1924,Uruguay,Yugoslavia,Uruguay,Pedro Petrone,61.0,False,False
26-05-1924,Uruguay,Yugoslavia,Uruguay,Pedro Cea,80.0,False,False
27-05-1924,France,Latvia,France,Edouard Crut,17.0,False,False
27-05-1924,France,Latvia,France,Paul Nicolas,25.0,False,False
27-05-1924,France,Latvia,France,Edouard Crut,28.0,False,False
27-05-1924,France,Latvia,France,Paul Nicolas,50.0,False,False
27-05-1924,France,Latvia,France,Edouard Crut,55.0,False,False
27-05-1924,France,Latvia,France,Jean Boyer,71.0,False,False
27-05-1924,France,Latvia,France,Jean Boyer,87.0,False,False
27-05-1924,Netherlands,Romania,Netherlands,Albert Hurgronje,8.0,False,False
27-05-1924,Netherlands,Romania,Netherlands,Kees Pijl,32.0,False,False
27-05-1924,Netherlands,Romania,Netherlands,Kees Pijl,52.0,False,False
27-05-1924,Netherlands,Romania,Netherlands,Kees Pijl,66.0,False,False
27-05-1924,Netherlands,Romania,Netherlands,Kees Pijl,68.0,False,False
27-05-1924,Netherlands,Romania,Netherlands,Johannes de Natris,69.0,False,True
28-05-1924,Republic of Ireland,Bulgaria,Republic of Ireland,Paddy Duncan,75.0,False,False
28-05-1924,Switzerland,Czechoslovakia,Czechoslovakia,Rudolf Sloup,21.0,False,True
28-05-1924,Switzerland,Czechoslovakia,Switzerland,Walter Dietrich,79.0,False,False
29-05-1924,Egypt,Hungary,Egypt,Ibrahim Yakan,4.0,False,False
29-05-1924,Egypt,Hungary,Egypt,Hussein Hegazi,40.0,False,False
29-05-1924,Egypt,Hungary,Egypt,Ibrahim Yakan,58.0,False,False
29-05-1924,Italy,Luxembourg,Italy,Adolfo Baloncieri,20.0,False,False
29-05-1924,Italy,Luxembourg,Italy,Giuseppe Della Valle,38.0,False,False
29-05-1924,Sweden,Belgium,Sweden,Rudolf Kock,8.0,False,False
29-05-1924,Sweden,Belgium,Sweden,Sven Rydell,20.0,False,False
29-05-1924,Sweden,Belgium,Sweden,Rudolf Kock,24.0,False,False
29-05-1924,Sweden,Belgium,Sweden,Charles Brommesson,30.0,False,False
29-05-1924,Sweden,Belgium,Sweden,Tore Keller,46.0,False,False
29-05-1924,Sweden,Belgium,Sweden,Sven Rydell,61.0,False,False
29-05-1924,Sweden,Belgium,Belgium,Henri Larnoe,67.0,False,False
29-05-1924,Sweden,Belgium,Sweden,Rudolf Kock,77.0,False,False
29-05-1924,Sweden,Belgium,Sweden,Sven Rydell,83.0,False,False
29-05-1924,Uruguay,United States,Uruguay,Pedro Petrone,10.0,False,False
29-05-1924,Uruguay,United States,Uruguay,Hector Scarone,15.0,False,False
29-05-1924,Uruguay,United States,Uruguay,Pedro Petrone,44.0,False,False
30-05-1924,Switzerland,Czechoslovakia,Switzerland,Robert Pache,87.0,False,False
01-06-1924,France,Uruguay,Uruguay,Hector Scarone,2.0,False,False
01-06-1924,France,Uruguay,France,Paul Nicolas,12.0,False,False
01-06-1924,France,Uruguay,Uruguay,Hector Scarone,24.0,False,False
01-06-1924,France,Uruguay,Uruguay,Pedro Petrone,58.0,False,False
01-06-1924,France,Uruguay,Uruguay,Pedro Petrone,68.0,False,False
01-06-1924,France,Uruguay,Uruguay,Angel Romano,83.0,False,False
01-06-1924,Sweden,Egypt,Sweden,Per Kaufeldt,5.0,False,False
01-06-1924,Sweden,Egypt,Sweden,Charles Brommesson,31.0,False,False
01-06-1924,Sweden,Egypt,Sweden,Charles Brommesson,34.0,False,False
01-06-1924,Sweden,Egypt,Sweden,Sven Rydell,49.0,False,False
01-06-1924,Sweden,Egypt,Sweden,Per Kaufeldt,71.0,False,False
02-06-1924,Netherlands,Republic of Ireland,Netherlands,Ok Formenoy,7.0,False,False
02-06-1924,Netherlands,Republic of Ireland,Republic of Ireland,Frank Ghent,33.0,False,False
02-06-1924,Netherlands,Republic of Ireland,Netherlands,Ok Formenoy,104.0,False,False
02-06-1924,Switzerland,Italy,Switzerland,Paul Sturzenegger,47.0,False,False
02-06-1924,Switzerland,Italy,Italy,Giuseppe Della Valle,52.0,False,False
02-06-1924,Switzerland,Italy,Switzerland,Max Abegglen,60.0,False,False
05-06-1924,Switzerland,Sweden,Switzerland,Max Abegglen,15.0,False,False
05-06-1924,Switzerland,Sweden,Sweden,Rudolf Kock,41.0,False,False
05-06-1924,Switzerland,Sweden,Switzerland,Max Abegglen,77.0,False,False
06-06-1924,Uruguay,Netherlands,Netherlands,Cornelis Pijl,32.0,False,False
06-06-1924,Uruguay,Netherlands,Uruguay,Pedro Cea,62.0,False,False
06-06-1924,Uruguay,Netherlands,Uruguay,Hector Scarone,81.0,False,True
08-06-1924,Sweden,Netherlands,Sweden,Per Kaufeldt,44.0,False,False
08-06-1924,Sweden,Netherlands,Netherlands,Andre le Fevre,77.0,False,False
09-06-1924,Sweden,Netherlands,Sweden,Sven Rydell,34.0,False,False
09-06-1924,Sweden,Netherlands,Sweden,Evert Lundqvist,42.0,False,False
09-06-1924,Sweden,Netherlands,Netherlands,Ok Formenoy,43.0,False,True
09-06-1924,Sweden,Netherlands,Sweden,Sven Rydell,77.0,False,False
09-06-1924,Uruguay,Switzerland,Uruguay,Pedro Petrone,9.0,False,False
09-06-1924,Uruguay,Switzerland,Uruguay,Pedro Cea,65.0,False,False
09-06-1924,Uruguay,Switzerland,Uruguay,Angel Romano,82.0,False,False
19-10-1924,Uruguay,Chile,Uruguay,Pedro Petrone,40.0,False,False
19-10-1924,Uruguay,Chile,Uruguay,Pedro Petrone,53.0,False,False
19-10-1924,Uruguay,Chile,Uruguay,Pedro Zingone,73.0,False,False
19-10-1924,Uruguay,Chile,Uruguay,Angel Romano,78.0,False,False
19-10-1924,Uruguay,Chile,Uruguay,Pedro Petrone,88.0,False,False
25-10-1924,Argentina,Chile,Argentina,Gabino Sosa,5.0,False,False
25-10-1924,Argentina,Chile,Argentina,Juan Loyarte,78.0,False,False
26-10-1924,Uruguay,Paraguay,Uruguay,Pedro Petrone,28.0,False,False
26-10-1924,Uruguay,Paraguay,Uruguay,Angel Romano,37.0,False,False
26-10-1924,Uruguay,Paraguay,Uruguay,Jose Cea,53.0,False,False
26-10-1924,Uruguay,Paraguay,Paraguay,Paisano Urbita Sosa,77.0,False,False
01-11-1924,Chile,Paraguay,Chile,David Arellano,6.0,False,False
01-11-1924,Chile,Paraguay,Paraguay,Ildefonso Lopez,15.0,False,False
01-11-1924,Chile,Paraguay,Paraguay,Ildefonso Lopez,33.0,False,False
01-11-1924,Chile,Paraguay,Paraguay,Gerardo Rivas,52.0,False,False
29-11-1925,Argentina,Paraguay,Argentina,Manuel Seoane,2.0,False,False
29-11-1925,Argentina,Paraguay,Argentina,Martin Sanchez,72.0,False,False
06-12-1925,Brazil,Paraguay,Brazil,Anfilogino Marques,16.0,False,False
06-12-1925,Brazil,Paraguay,Brazil,Arthur Friedenreich,18.0,False,False
06-12-1925,Brazil,Paraguay,Paraguay,Gerardo Rivas,25.0,False,False
06-12-1925,Brazil,Paraguay,Brazil,Severino Da Silva,30.0,False,False
06-12-1925,Brazil,Paraguay,Brazil,Severino Da Silva,52.0,False,False
06-12-1925,Brazil,Paraguay,Paraguay,Gerardo Rivas,55.0,False,False
06-12-1925,Brazil,Paraguay,Brazil,Nilo Braga,72.0,False,False
13-12-1925,Argentina,Brazil,Brazil,Nilo Braga,22.0,False,False
13-12-1925,Argentina,Brazil,Argentina,Manuel Seoane,41.0,False,False
13-12-1925,Argentina,Brazil,Argentina,Manuel Seoane,48.0,False,False
13-12-1925,Argentina,Brazil,Argentina,Alfredo Garasini,72.0,False,False
13-12-1925,Argentina,Brazil,Argentina,Manuel Seoane,74.0,False,False
17-12-1925,Brazil,Paraguay,Brazil,Nilo Braga,30.0,False,False
17-12-1925,Brazil,Paraguay,Brazil,Severino Da Silva,57.0,False,False
17-12-1925,Brazil,Paraguay,Paraguay,Luis Fretes,58.0,False,False
17-12-1925,Brazil,Paraguay,Brazil,Severino Da Silva,61.0,False,False
20-12-1925,Argentina,Paraguay,Paraguay,Manuel Fleitas Solich,15.0,False,False
20-12-1925,Argentina,Paraguay,Argentina,Domingo Tarasconi,22.0,False,False
20-12-1925,Argentina,Paraguay,Argentina,Manuel Seoane,32.0,False,False
20-12-1925,Argentina,Paraguay,Argentina,Juan Carlos Irurieta,63.0,False,False
25-12-1925,Argentina,Brazil,Brazil,Arthur Friedenreich,27.0,False,False
25-12-1925,Argentina,Brazil,Brazil,Nilo Braga,30.0,False,False
25-12-1925,Argentina,Brazil,Argentina,Antonio Cerroti,41.0,False,False
25-12-1925,Argentina,Brazil,Argentina,Manuel Seoane,55.0,False,False
12-10-1926,Chile,Bolivia,Chile,Manuel Ramirez,10.0,False,False
12-10-1926,Chile,Bolivia,Chile,Guillermo Subiabre,14.0,False,False
12-10-1926,Chile,Bolivia,Chile,David Arellano,15.0,False,False
12-10-1926,Chile,Bolivia,Chile,David Arellano,41.0,False,False
12-10-1926,Chile,Bolivia,Chile,Humberto Moreno,47.0,False,False
12-10-1926,Chile,Bolivia,Bolivia,Teofilo Aguilar,62.0,False,False
12-10-1926,Chile,Bolivia,Chile,David Arellano,80.0,False,False
12-10-1926,Chile,Bolivia,Chile,David Arellano,84.0,False,False
16-10-1926,Argentina,Bolivia,Argentina,Roberto Cherro,9.0,False,False
16-10-1926,Argentina,Bolivia,Argentina,Roberto Cherro,19.0,False,False
16-10-1926,Argentina,Bolivia,Argentina,Gabino Sosa,31.0,False,False
16-10-1926,Argentina,Bolivia,Argentina,Benjamin Delgado,43.0,False,False
16-10-1926,Argentina,Bolivia,Argentina,Antonio de Miguel,74.0,False,False
17-10-1926,Chile,Uruguay,Uruguay,Rene Borjas,22.0,False,False
17-10-1926,Chile,Uruguay,Uruguay,Hector Castro,32.0,False,False
17-10-1926,Chile,Uruguay,Uruguay,Hector Scarone,55.0,False,False
17-10-1926,Chile,Uruguay,Chile,Guillermo Subiabre,65.0,False,True
20-10-1926,Argentina,Paraguay,Argentina,Gabino Sosa,11.0,False,False
20-10-1926,Argentina,Paraguay,Argentina,Roberto Cherro,16.0,False,False
20-10-1926,Argentina,Paraguay,Argentina,Gabino Sosa,32.0,False,False
20-10-1926,Argentina,Paraguay,Argentina,Benjamin Delgado,40.0,False,False
20-10-1926,Argentina,Paraguay,Argentina,Benjamin Delgado,42.0,False,False
20-10-1926,Argentina,Paraguay,Argentina,Antonio de Miguel,52.0,False,False
20-10-1926,Argentina,Paraguay,Argentina,Gabino Sosa,59.0,False,False
20-10-1926,Argentina,Paraguay,Argentina,Gabino Sosa,87.0,False,False
23-10-1926,Bolivia,Paraguay,Bolivia,Carlos Soto,15.0,False,False
23-10-1926,Bolivia,Paraguay,Paraguay,Ildefonso Lopez,57.0,False,False
23-10-1926,Bolivia,Paraguay,Paraguay,Ceferino Ramirez,68.0,False,False
23-10-1926,Bolivia,Paraguay,Paraguay,Ceferino Ramirez,72.0,False,False
23-10-1926,Bolivia,Paraguay,Paraguay,Pablo Ramirez,76.0,False,False
23-10-1926,Bolivia,Paraguay,Paraguay,Ildefonso Lopez,81.0,False,False
23-10-1926,Bolivia,Paraguay,Paraguay,Ceferino Ramirez,88.0,False,False
24-10-1926,Argentina,Uruguay,Uruguay,Rene Borjas,22.0,False,False
24-10-1926,Argentina,Uruguay,Uruguay,Hector Castro,73.0,False,False
28-10-1926,Bolivia,Uruguay,Uruguay,Hector Scarone,9.0,False,False
28-10-1926,Bolivia,Uruguay,Uruguay,Hector Scarone,12.0,False,False
28-10-1926,Bolivia,Uruguay,Uruguay,Hector Scarone,28.0,False,False
28-10-1926,Bolivia,Uruguay,Uruguay,Hector Scarone,39.0,False,False
28-10-1926,Bolivia,Uruguay,Uruguay,Angel Romano,67.0,False,False
28-10-1926,Bolivia,Uruguay,Uruguay,Hector Scarone,81.0,False,False
31-10-1926,Chile,Argentina,Chile,Guillermo Saavedra,25.0,False,False
31-10-1926,Chile,Argentina,Argentina,Domingo Tarasconi,87.0,False,False
01-11-1926,Paraguay,Uruguay,Uruguay,Hector Castro,16.0,False,False
01-11-1926,Paraguay,Uruguay,Uruguay,Hector Castro,23.0,False,False
01-11-1926,Paraguay,Uruguay,Uruguay,Hector Castro,32.0,False,False
01-11-1926,Paraguay,Uruguay,Uruguay,Zoilo Saldombide,47.0,False,True
01-11-1926,Paraguay,Uruguay,Paraguay,Manuel Fleitas Solich,58.0,False,True
01-11-1926,Paraguay,Uruguay,Uruguay,Hector Castro,72.0,False,False
01-11-1926,Paraguay,Uruguay,Uruguay,Zoilo Saldombide,82.0,False,False
03-11-1926,Chile,Paraguay,Chile,David Arellano,21.0,False,False
03-11-1926,Chile,Paraguay,Paraguay,Luis Vargas Pena,40.0,False,False
03-11-1926,Chile,Paraguay,Chile,Manuel Ramirez,42.0,False,False
03-11-1926,Chile,Paraguay,Chile,David Arellano,64.0,False,False
03-11-1926,Chile,Paraguay,Chile,David Arellano,71.0,False,False
03-11-1926,Chile,Paraguay,Chile,Manuel Ramirez,82.0,False,False
30-10-1927,Argentina,Bolivia,Argentina,Segundo Luna,18.0,False,False
30-10-1927,Argentina,Bolivia,Argentina,Alfredo Carricaberry,20.0,False,False
30-10-1927,Argentina,Bolivia,Argentina,Humberto Recanatini,24.0,False,True
30-10-1927,Argentina,Bolivia,Argentina,Manuel Seoane,29.0,False,False
30-10-1927,Argentina,Bolivia,Argentina,Alfredo Carricaberry,36.0,False,False
30-10-1927,Argentina,Bolivia,Bolivia,Mario Alborta,42.0,False,False
30-10-1927,Argentina,Bolivia,Argentina,Segundo Luna,56.0,False,False
30-10-1927,Argentina,Bolivia,Argentina,Manuel Seoane,79.0,False,False
01-11-1927,Peru,Uruguay,Uruguay,Daniel Ulloa,49.0,True,False
01-11-1927,Peru,Uruguay,Uruguay,Antonio Sacco,52.0,False,False
01-11-1927,Peru,Uruguay,Uruguay,Antonio Sacco,71.0,False,False
01-11-1927,Peru,Uruguay,Uruguay,Hector Castro,75.0,False,False
06-11-1927,Bolivia,Uruguay,Uruguay,Pedro Petrone,18.0,False,False
06-11-1927,Bolivia,Uruguay,Uruguay,Roberto Figueroa,19.0,False,False
06-11-1927,Bolivia,Uruguay,Uruguay,Juan Arremon,43.0,False,False
06-11-1927,Bolivia,Uruguay,Uruguay,Pedro Petrone,65.0,False,False
06-11-1927,Bolivia,Uruguay,Uruguay,Roberto Figueroa,67.0,False,False
06-11-1927,Bolivia,Uruguay,Uruguay,Hector Castro,68.0,False,False
06-11-1927,Bolivia,Uruguay,Uruguay,Roberto Figueroa,69.0,False,False
06-11-1927,Bolivia,Uruguay,Uruguay,Pedro Petrone,81.0,False,False
06-11-1927,Bolivia,Uruguay,Uruguay,Hector Scarone,86.0,False,False
13-11-1927,Peru,Bolivia,Bolivia,Jose Bustamante,13.0,False,False
13-11-1927,Peru,Bolivia,Bolivia,Jose Bustamante,14.0,False,False
13-11-1927,Peru,Bolivia,Peru,Demetrio Neyra,31.0,False,False
13-11-1927,Peru,Bolivia,Peru,Jorge Sarmiento,41.0,False,False
13-11-1927,Peru,Bolivia,Peru,Alberto Montellanos,43.0,False,False
20-11-1927,Argentina,Uruguay,Uruguay,Hector Scarone,33.0,False,False
20-11-1927,Argentina,Uruguay,Argentina,Humberto Recanatini,56.0,False,True
20-11-1927,Argentina,Uruguay,Argentina,Segundo Luna,70.0,False,False
20-11-1927,Argentina,Uruguay,Uruguay,Hector Scarone,79.0,False,False
20-11-1927,Argentina,Uruguay,Argentina,Adhemar Canavesi,85.0,True,False
27-11-1927,Peru,Argentina,Argentina,Manuel Ferreira,1.0,False,False
27-11-1927,Peru,Argentina,Peru,Alejandro Villanueva,3.0,False,False
27-11-1927,Peru,Argentina,Argentina,Juan Maglio,22.0,False,False
27-11-1927,Peru,Argentina,Argentina,Juan Maglio,25.0,False,False
27-11-1927,Peru,Argentina,Argentina,Manuel Ferreira,30.0,False,False
27-11-1927,Peru,Argentina,Argentina,Alfredo Carricaberry,38.0,False,False
27-05-1928,Belgium,Luxembourg,Belgium,Raymond Braine,9.0,False,False
27-05-1928,Belgium,Luxembourg,Belgium,Louis Versijp,20.0,False,False
27-05-1928,Belgium,Luxembourg,Belgium,Jacques Moeschal,23.0,False,False
27-05-1928,Belgium,Luxembourg,Luxembourg,Guillaume Schutz,31.0,False,False
27-05-1928,Belgium,Luxembourg,Luxembourg,Jean-Pierre Weisgerber,42.0,False,False
27-05-1928,Belgium,Luxembourg,Luxembourg,Robert Theissen,44.0,False,False
27-05-1928,Belgium,Luxembourg,Belgium,Jacques Moeschal,67.0,False,False
27-05-1928,Belgium,Luxembourg,Belgium,Raymond Braine,72.0,False,False
27-05-1928,Portugal,Chile,Chile,Guillermo Saavedra,14.0,False,False
27-05-1928,Portugal,Chile,Chile,Alejandro Carbonell,30.0,False,False
27-05-1928,Portugal,Chile,Portugal,Vitor Silva,38.0,False,False
27-05-1928,Portugal,Chile,Portugal,Pepe Soares,40.0,False,False
27-05-1928,Portugal,Chile,Portugal,Pepe Soares,50.0,False,False
27-05-1928,Portugal,Chile,Portugal,Valdemar Mota,63.0,False,False
28-05-1928,Egypt,Turkey,Egypt,Ali El-Hassany,20.0,False,True
28-05-1928,Egypt,Turkey,Egypt,Ali Mohamed Riad,27.0,False,False
28-05-1928,Egypt,Turkey,Egypt,Mahmoud Mokhtar El-Tetsh,46.0,False,False
28-05-1928,Egypt,Turkey,Egypt,Mahmoud Mokhtar El-Tetsh,50.0,False,False
28-05-1928,Egypt,Turkey,Egypt,Ismail El-Sayed Hooda,53.0,False,False
28-05-1928,Egypt,Turkey,Egypt,Mahmoud Mokhtar El-Tetsh,63.0,False,False
28-05-1928,Egypt,Turkey,Turkey,Bekir Refet,71.0,False,False
28-05-1928,Egypt,Turkey,Egypt,Gamil El-Zobeir,86.0,False,False
28-05-1928,Germany,Switzerland,Germany,Richard Hofmann,17.0,False,False
28-05-1928,Germany,Switzerland,Germany,Josef Hornauer,42.0,False,False
28-05-1928,Germany,Switzerland,Germany,Richard Hofmann,75.0,False,False
28-05-1928,Germany,Switzerland,Germany,Richard Hofmann,85.0,False,False
29-05-1928,Argentina,United States,Argentina,Manuel Ferreira,9.0,False,False
29-05-1928,Argentina,United States,Argentina,Domingo Tarasconi,24.0,False,False
29-05-1928,Argentina,United States,Argentina,Manuel Ferreira,29.0,False,False
29-05-1928,Argentina,United States,Argentina,Raimondo Orsi,41.0,False,False
29-05-1928,Argentina,United States,Argentina,Roberto Cherro,47.0,False,False
29-05-1928,Argentina,United States,Argentina,Roberto Cherro,49.0,False,False
29-05-1928,Argentina,United States,United States,Rudolph Kuntner,55.0,False,False
29-05-1928,Argentina,United States,Argentina,Roberto Cherro,57.0,False,False
29-05-1928,Argentina,United States,Argentina,Domingo Tarasconi,63.0,False,False
29-05-1928,Argentina,United States,Argentina,Domingo Tarasconi,66.0,False,False
29-05-1928,Argentina,United States,Argentina,Raimondo Orsi,73.0,False,False
29-05-1928,Argentina,United States,United States,Henry Carroll,75.0,False,False
29-05-1928,Argentina,United States,Argentina,Domingo Tarasconi,89.0,False,False
29-05-1928,Italy,France,France,Juste Brouzes,15.0,False,False
29-05-1928,Italy,France,France,Juste Brouzes,17.0,False,False
29-05-1928,Italy,France,Italy,Gino Rossetti,19.0,False,False
29-05-1928,Italy,France,Italy,Virgilio Levratto,39.0,False,False
29-05-1928,Italy,France,Italy,Elvio Banchero,43.0,False,False
29-05-1928,Italy,France,Italy,Adolfo Baloncieri,60.0,False,False
29-05-1928,Italy,France,France,Robert Dauphin,61.0,False,False
29-05-1928,Portugal,Yugoslavia,Portugal,Vitor Silva,25.0,False,False
29-05-1928,Portugal,Yugoslavia,Yugoslavia,Mirko Bonacic,40.0,False,False
29-05-1928,Portugal,Yugoslavia,Portugal,Augusto Silva,90.0,False,False
30-05-1928,Netherlands,Uruguay,Uruguay,Hector Scarone,20.0,False,False
30-05-1928,Netherlands,Uruguay,Uruguay,Santos Urdinaran,86.0,False,False
30-05-1928,Spain,Mexico,Spain,Luis Regueiro,13.0,False,False
30-05-1928,Spain,Mexico,Spain,Luis Regueiro,27.0,False,False
30-05-1928,Spain,Mexico,Spain,Jose Maria Yermo,43.0,False,False
30-05-1928,Spain,Mexico,Spain,Jose Maria Yermo,63.0,False,False
30-05-1928,Spain,Mexico,Spain,Martin Marculeta,66.0,False,False
30-05-1928,Spain,Mexico,Spain,Angel Mariscal,70.0,False,False
30-05-1928,Spain,Mexico,Mexico,Juan Carreno,76.0,False,False
30-05-1928,Spain,Mexico,Spain,Jose Maria Yermo,85.0,False,False
01-06-1928,Italy,Spain,Spain,Domingo Zaldua,11.0,False,False
01-06-1928,Italy,Spain,Italy,Adolfo Baloncieri,63.0,False,False
02-06-1928,Argentina,Belgium,Argentina,Domingo Tarasconi,1.0,False,False
02-06-1928,Argentina,Belgium,Argentina,Manuel Ferreira,4.0,False,False
02-06-1928,Argentina,Belgium,Argentina,Domingo Tarasconi,10.0,False,False
02-06-1928,Argentina,Belgium,Belgium,Raymond Braine,24.0,False,False
02-06-1928,Argentina,Belgium,Belgium,Florimond Vanhalme,28.0,False,False
02-06-1928,Argentina,Belgium,Belgium,Jacques Moeschal,53.0,False,False
02-06-1928,Argentina,Belgium,Argentina,Domingo Tarasconi,75.0,False,False
02-06-1928,Argentina,Belgium,Argentina,Raimondo Orsi,81.0,False,False
02-06-1928,Argentina,Belgium,Argentina,Domingo Tarasconi,89.0,False,False
03-06-1928,Uruguay,Germany,Uruguay,Pedro Petrone,35.0,False,False
03-06-1928,Uruguay,Germany,Uruguay,Pedro Petrone,39.0,False,False
03-06-1928,Uruguay,Germany,Uruguay,Hector Castro,63.0,False,False
03-06-1928,Uruguay,Germany,Germany,Richard Hofmann,81.0,False,False
03-06-1928,Uruguay,Germany,Uruguay,Pedro Petrone,84.0,False,False
04-06-1928,Egypt,Portugal,Egypt,Mahmoud Mokhtar El-Tetsh,15.0,False,False
04-06-1928,Egypt,Portugal,Egypt,Ali Mohamed Riad,48.0,False,False
04-06-1928,Egypt,Portugal,Portugal,Vitor Silva,76.0,False,False
04-06-1928,Italy,Spain,Italy,Mario Magnozzi,14.0,False,False
04-06-1928,Italy,Spain,Italy,Angelo Schiavio,15.0,False,False
04-06-1928,Italy,Spain,Italy,Adolfo Baloncieri,18.0,False,False
04-06-1928,Italy,Spain,Italy,Fulvio Bernardini,40.0,False,False
04-06-1928,Italy,Spain,Spain,Jose Maria Yermo,47.0,False,False
04-06-1928,Italy,Spain,Italy,Enrico Rivolta,72.0,False,False
04-06-1928,Italy,Spain,Italy,Virgilio Levratto,76.0,False,False
04-06-1928,Italy,Spain,Italy,Virgilio Levratto,77.0,False,False
05-06-1928,Chile,Mexico,Mexico,Ernesto Sota,15.0,False,False
05-06-1928,Chile,Mexico,Chile,Guillermo Subiabre,24.0,False,False
05-06-1928,Chile,Mexico,Chile,Guillermo Subiabre,48.0,False,False
05-06-1928,Chile,Mexico,Chile,Guillermo Subiabre,89.0,False,False
05-06-1928,Netherlands,Belgium,Netherlands,Leonardus Ghering,4.0,False,False
05-06-1928,Netherlands,Belgium,Netherlands,Felix Smeets,6.0,False,False
05-06-1928,Netherlands,Belgium,Netherlands,Wim Tap,63.0,False,False
05-06-1928,Netherlands,Belgium,Belgium,Pierre Braine,85.0,False,False
06-06-1928,Argentina,Egypt,Argentina,Roberto Cherro,10.0,False,False
06-06-1928,Argentina,Egypt,Argentina,Manuel Ferreira,32.0,False,False
06-06-1928,Argentina,Egypt,Argentina,Domingo Tarasconi,37.0,False,False
06-06-1928,Argentina,Egypt,Argentina,Domingo Tarasconi,54.0,False,False
06-06-1928,Argentina,Egypt,Argentina,Domingo Tarasconi,61.0,False,False
06-06-1928,Argentina,Egypt,Argentina,Manuel Ferreira,82.0,False,False
07-06-1928,Uruguay,Italy,Italy,Adolfo Baloncieri,9.0,False,False
07-06-1928,Uruguay,Italy,Uruguay,Pedro Cea,17.0,False,False
07-06-1928,Uruguay,Italy,Uruguay,Antonio Campolo,28.0,False,False
07-06-1928,Uruguay,Italy,Uruguay,Hector Scarone,31.0,False,False
07-06-1928,Uruguay,Italy,Italy,Virgilio Levratto,60.0,False,False
08-06-1928,Netherlands,Chile,Chile,Manuel Bravo Paredes,55.0,False,False
08-06-1928,Netherlands,Chile,Netherlands,Leonardus Ghering,59.0,False,False
08-06-1928,Netherlands,Chile,Netherlands,Felix Smeets,66.0,False,False
08-06-1928,Netherlands,Chile,Chile,Oscar Alfaro,89.0,False,False
09-06-1928,Italy,Egypt,Italy,Angelo Schiavio,6.0,False,False
09-06-1928,Italy,Egypt,Egypt,Ali Mohamed Riad,12.0,False,False
09-06-1928,Italy,Egypt,Italy,Adolfo Baloncieri,14.0,False,False
09-06-1928,Italy,Egypt,Egypt,Ali Mohamed Riad,16.0,False,False
09-06-1928,Italy,Egypt,Italy,Elvio Banchero,19.0,False,False
09-06-1928,Italy,Egypt,Italy,Elvio Banchero,39.0,False,False
09-06-1928,Italy,Egypt,Italy,Angelo Schiavio,42.0,False,False
09-06-1928,Italy,Egypt,Italy,Elvio Banchero,44.0,False,False
09-06-1928,Italy,Egypt,Italy,Adolfo Baloncieri,52.0,False,False
09-06-1928,Italy,Egypt,Italy,Angelo Schiavio,58.0,False,False
09-06-1928,Italy,Egypt,Egypt,Moussa Hassan El-Ezam,60.0,False,False
09-06-1928,Italy,Egypt,Italy,Mario Magnozzi,72.0,False,False
09-06-1928,Italy,Egypt,Italy,Mario Magnozzi,80.0,False,False
09-06-1928,Italy,Egypt,Italy,Mario Magnozzi,88.0,False,False
10-06-1928,Uruguay,Argentina,Uruguay,Pedro Petrone,23.0,False,False
10-06-1928,Uruguay,Argentina,Argentina,Manuel Ferreira,50.0,False,False
13-06-1928,Uruguay,Argentina,Uruguay,Roberto Figueroa,17.0,False,False
13-06-1928,Uruguay,Argentina,Argentina,Luis Monti,28.0,False,False
13-06-1928,Uruguay,Argentina,Uruguay,Hector Scarone,73.0,False,False
25-07-1928,Latvia,Lithuania,Latvia,Arkadijs Pavlovs,2.0,False,False
25-07-1928,Latvia,Lithuania,Latvia,Alberts Vaters,25.0,False,False
25-07-1928,Latvia,Lithuania,Latvia,Alberts Vaters,66.0,False,False
26-07-1928,Estonia,Lithuania,Estonia,Arnold Pihlak,1.0,False,True
26-07-1928,Estonia,Lithuania,Estonia,Helmuth Raastas,14.0,False,False
26-07-1928,Estonia,Lithuania,Estonia,Arnold Pihlak,21.0,False,False
26-07-1928,Estonia,Lithuania,Estonia,Arnold Pihlak,57.0,False,False
26-07-1928,Estonia,Lithuania,Estonia,Artur Maurer,74.0,False,False
26-07-1928,Estonia,Lithuania,Estonia,Artur Maurer,78.0,False,False
27-07-1928,Estonia,Latvia,Latvia,Arnolds Taurins,63.0,False,False
14-08-1929,Latvia,Lithuania,Latvia,Voldemars Plade,51.0,False,False
14-08-1929,Latvia,Lithuania,Latvia,Voldemars Plade,68.0,False,False
14-08-1929,Latvia,Lithuania,Latvia,Voldemars Plade,86.0,False,False
14-08-1929,Latvia,Lithuania,Lithuania,Stepas Chmelevskis,89.0,False,True
15-08-1929,Latvia,Estonia,Estonia,Eugen Einman,9.0,False,False
15-08-1929,Latvia,Estonia,Latvia,Aleksandrs Priede,27.0,False,False
15-08-1929,Latvia,Estonia,Estonia,Eduard Ellman-Eelma,29.0,False,False
15-08-1929,Latvia,Estonia,Latvia,Arkadijs Pavlovs,63.0,False,False
16-08-1929,Estonia,Lithuania,Estonia,Eugen Einman,16.0,False,False
16-08-1929,Estonia,Lithuania,Lithuania,Stepas Chmelevskis,26.0,False,False
16-08-1929,Estonia,Lithuania,Estonia,Arnold Pihlak,32.0,False,False
16-08-1929,Estonia,Lithuania,Lithuania,Ricardas Rutkauskas,35.0,False,False
16-08-1929,Estonia,Lithuania,Estonia,Eugen Einman,59.0,False,False
16-08-1929,Estonia,Lithuania,Estonia,Eduard Ellman-Eelma,75.0,False,False
16-08-1929,Estonia,Lithuania,Estonia,Eduard Ellman-Eelma,85.0,False,False
01-11-1929,Paraguay,Uruguay,Paraguay,Aurelio Gonzalez,16.0,False,False
01-11-1929,Paraguay,Uruguay,Paraguay,Diogenes Dominguez,55.0,False,False
01-11-1929,Paraguay,Uruguay,Paraguay,Aurelio Gonzalez,86.0,False,False
03-11-1929,Argentina,Peru,Argentina,Carlos Peucelle,6.0,False,False
03-11-1929,Argentina,Peru,Argentina,Adolfo Zumelzu,38.0,False,False
03-11-1929,Argentina,Peru,Argentina,Adolfo Zumelzu,58.0,False,False
10-11-1929,Argentina,Paraguay,Argentina,Mario Evaristo,7.0,False,False
10-11-1929,Argentina,Paraguay,Argentina,Manuel Ferreira,24.0,False,False
10-11-1929,Argentina,Paraguay,Argentina,Manuel Ferreira,48.0,False,False
10-11-1929,Argentina,Paraguay,Argentina,Roberto Cherro,50.0,False,False
10-11-1929,Argentina,Paraguay,Paraguay,Diogenes Dominguez,56.0,False,False
11-11-1929,Peru,Uruguay,Uruguay,Lorenzo Fernandez,21.0,False,False
11-11-1929,Peru,Uruguay,Uruguay,Lorenzo Fernandez,29.0,False,False
11-11-1929,Peru,Uruguay,Uruguay,Lorenzo Fernandez,43.0,False,False
11-11-1929,Peru,Uruguay,Uruguay,Jose Leandro Andrade,69.0,False,False
11-11-1929,Peru,Uruguay,Peru,Agustin Lizarbe,81.0,False,False
16-11-1929,Paraguay,Peru,Paraguay,Lino Nessi,10.0,False,False
16-11-1929,Paraguay,Peru,Paraguay,Aurelio Gonzalez,55.0,False,False
16-11-1929,Paraguay,Peru,Paraguay,Aurelio Gonzalez,63.0,False,False
16-11-1929,Paraguay,Peru,Paraguay,Aurelio Gonzalez,69.0,False,False
16-11-1929,Paraguay,Peru,Paraguay,Diogenes Dominguez,82.0,False,False
17-11-1929,Argentina,Uruguay,Argentina,Manuel Ferreira,14.0,False,False
17-11-1929,Argentina,Uruguay,Argentina,Mario Evaristo,77.0,False,False
13-07-1930,Belgium,United States,United States,Bart McGhee,23.0,False,False
13-07-1930,Belgium,United States,United States,Tom Florie,45.0,False,False
13-07-1930,Belgium,United States,United States,Bert Patenaude,69.0,False,False
13-07-1930,France,Mexico,France,Lucien Laurent,19.0,False,False
13-07-1930,France,Mexico,France,Marcel Langiller,40.0,False,False
13-07-1930,France,Mexico,France,Andre Maschinot,43.0,False,False
13-07-1930,France,Mexico,Mexico,Juan Carreno,70.0,False,False
13-07-1930,France,Mexico,France,Andre Maschinot,87.0,False,False
14-07-1930,Brazil,Yugoslavia,Yugoslavia,Aleksandar Tirnanic,21.0,False,False
14-07-1930,Brazil,Yugoslavia,Yugoslavia,Ivan Bek,30.0,False,False
14-07-1930,Brazil,Yugoslavia,Brazil,Preguinho,62.0,False,False
14-07-1930,Peru,Romania,Romania,Adalbert Desu,1.0,False,False
14-07-1930,Peru,Romania,Peru,Luis de Souza,75.0,False,False
14-07-1930,Peru,Romania,Romania,Constantin Stanciu,79.0,False,False
14-07-1930,Peru,Romania,Romania,Miklos Kovacs,89.0,False,False
15-07-1930,Argentina,France,Argentina,Luis Monti,81.0,False,False
16-07-1930,Chile,Mexico,Chile,Carlos Vidal,3.0,False,False
16-07-1930,Chile,Mexico,Chile,Manuel Rosas,52.0,True,False
16-07-1930,Chile,Mexico,Chile,Carlos Vidal,65.0,False,False
17-07-1930,Bolivia,Yugoslavia,Yugoslavia,Ivan Bek,60.0,False,False
17-07-1930,Bolivia,Yugoslavia,Yugoslavia,Blagoje Marjanovic,65.0,False,False
17-07-1930,Bolivia,Yugoslavia,Yugoslavia,Ivan Bek,67.0,False,False
